无限度键鼠设备,//www.jd.com/phb/67037eae8c74d187c2b.html
无限度清洁纸巾,//www.jd.com/phb/15901c6e81525ccb93051.html
无限度笔记本电池,//www.jd.com/phb/670d2f5b1d3a6f90158.html
无限大鼠标,//www.jd.com/phb/67083f6f1e33954eade.html
文件袋小,//www.jd.com/phb/6702606b374fd54904e.html
文件粉碎机手机版,//www.jd.com/phb/6708bf9b24369e3b6ef.html
文件袋透明资料袋,//www.jd.com/phb/6700af88081cf0654b3.html
文通手写字板,//www.jd.com/phb/6706c8f799bae3cbec5.html
文通科技报警配件,//www.jd.com/phb/998734563db00511c8db.html
电脑独立音箱,//www.jd.com/phb/65267a46d4cc1e2ca5b.html
电脑家用主机,//www.jd.com/phb/6700d5b4a6abf211651.html
电脑集体显卡,//www.jd.com/phb/67045f4d1a15e0447df.html
电脑加hdmi,//www.jd.com/phb/67088b4fe33786be7ef.html
文件夹l,//www.jd.com/phb/670bc6ade4b5ce69975.html
文曦名片册,//www.jd.com/phb/6709d885444f0aaa101.html
无限度单肩电脑包,//www.jd.com/phb/1732976d30f266d2bf11e.html
无限接受器,//www.jd.com/phb/6700a33f3337626bd98.html
无限接收器,//www.jd.com/phb/670989842a0229d9172.html
文件盒a4,//www.jd.com/phb/670b7af82976e74aa08.html
无线网卡环路,//www.jd.com/phb/670b80991032a3d94e1.html
无线网卡接受器,//www.jd.com/phb/67095eba5073ab9f36a.html
无线网卡发热,//www.jd.com/phb/670ee5c906ecf3159b9.html
无线网卡电脑300m,//www.jd.com/phb/6708e7fa932c813f40e.html
无线网卡wifi上网,//www.jd.com/phb/6708b1dabd13e8dadfd.html
无限键盘超薄,//www.jd.com/phb/6700e808bf57271b962.html
无限放大器,//www.jd.com/phb/6701498efa0ad1cb2b3.html
无限接收,//www.jd.com/phb/670ca98144a229f418b.html
电脑集显有蓝牙吗,//www.jd.com/phb/6706be52867ebd26488.html
电脑价钱评估,//www.jd.com/phb/670f624751393b9b0eb.html
无线网卡wifi无线,//www.jd.com/phb/670942e6266c966fbc2.html
无线网卡usb台式,//www.jd.com/phb/6705997d6021b5dc8cd.html
无线网卡tlwn821n,//www.jd.com/phb/670a343bbe6bb5ce7a1.html
雾海POE供电,//www.jd.com/phb/6708d92ebc40ee5fc91.html
西铁白乳胶,//www.jd.com/phb/98559b5d69a3d269ba10.html
w风扇,//www.jd.com/phb/737755bb3280494972f.html
WXD屏幕膜,//www.jd.com/phb/670fca6afc8478d3a1c.html
电脑主机组成部分,//www.jd.com/phb/670a192dffae940c28e.html
电脑主机蒸汽城堡,//www.jd.com/phb/67026b32f1908e6da00.html
WXD笔记本电池,//www.jd.com/phb/670ff6f44bbe0640604.html
无线网卡usb300,//www.jd.com/phb/670527efcf3585e906b.html
无线网卡a,//www.jd.com/phb/670be7a78e856206e41.html
无线网卡AC,//www.jd.com/phb/670830b84c958602f34.html
无线网卡wifi发射,//www.jd.com/phb/67080b1f28914e79fa5.html
无线网卡wifi,//www.jd.com/phb/670fa0b6acb4d660da3.html
无限上网卡,//www.jd.com/phb/670f79fe3c6b3fbf5da.html
无限路由,//www.jd.com/phb/67069cfc75239423fb5.html
无限路油器,//www.jd.com/phb/670fd8ac7eb1a8e5ad8.html
无线路由宝,//www.jd.com/phb/67038a79f363e0db270.html
无线网卡u,//www.jd.com/phb/6702065a436b6f4bf19.html
无线网卡笔记,//www.jd.com/phb/670c15cab8dfdbbea02.html
无线网卡n,//www.jd.com/phb/6702810cad223d01142.html
电脑散热器笔记本,//www.jd.com/phb/67078139c48f70ada5b.html
清洁套装笔记本,//www.jd.com/phb/670c8846ef51a01204a.html
清洁电脑键盘,//www.jd.com/phb/670d575d6c115fe3810.html
日本220v转110,//www.jd.com/phb/98557be4d3e2aba806a6.html
爱普生960,//www.jd.com/phb/67094f0aec8e16f8042.html
荣耀平板电脑触控笔,//www.jd.com/phb/67006f652938b532057.html
锐巨显卡天梯图,//www.jd.com/phb/670837dd24bdb73f22d.html
荣耀平板键盘,//www.jd.com/phb/6703d456edb4c09220e.html
荣耀平板钢化膜,//www.jd.com/phb/67036ceef746ea6f6f4.html
热转印纸复印纸,//www.jd.com/phb/67066adba8dbca271ef.html
WXD电源适配器,//www.jd.com/phb/67038b7f31315a97b03.html
企业级无线ap企业,//www.jd.com/phb/670eedc13c33db5d5da.html
企业级路由器wifi,//www.jd.com/phb/670943cf91585f4c2fa.html
企业流控路由器,//www.jd.com/phb/6702a6cf003ee85bef8.html
企业级路由器排名,//www.jd.com/phb/6709aa8fa43624af212.html
签字笔蓝笔,//www.jd.com/phb/670a1ec71bd24566ac5.html
签字笔笔芯,//www.jd.com/phb/6708d8ce90cb51499d2.html
签字笔红,//www.jd.com/phb/6707ad91faee6572f96.html
签字笔按动红色,//www.jd.com/phb/670d4125805fd1bf178.html
前耳机插孔没声音,//www.jd.com/phb/9987daeef7304bee14e8.html
曲面台式显示屏,//www.jd.com/phb/6709784f364d21a076f.html
曲面显示器24寸,//www.jd.com/phb/6703d8d52a645587dfc.html
曲屏电脑屏幕,//www.jd.com/phb/670266cd9562efff613.html
曲面显示器价位,//www.jd.com/phb/67040d49b60170322bf.html
曲屏显示器27寸,//www.jd.com/phb/67069471044ce16eb40.html
轻薄笔记本,//www.jd.com/phb/6707be67bb5e7c3d971.html
曲屏显视器,//www.jd.com/phb/6702c106820fc243456.html
曲面显示器好吗,//www.jd.com/phb/670f675c14e55579ecf.html
曲屏高清显示屏,//www.jd.com/phb/6702199d6c96d682a3c.html
曲面显示器4k,//www.jd.com/phb/670996ea283fea36a17.html
曲显示屏,//www.jd.com/phb/6705d1b017f107a77dc.html
曲面显示器27英寸,//www.jd.com/phb/6700a8de291d928cccb.html
曲面旋转显示器,//www.jd.com/phb/670c140f8aca60d6916.html
曲面显示器2k,//www.jd.com/phb/6706b748fae31e52706.html
清洁液晶,//www.jd.com/phb/67008156c87a12f87bc.html
签字笔潮流,//www.jd.com/phb/670af5c1d19cf73dcc2.html
签字笔材质,//www.jd.com/phb/67086a0d3dc8365f2f5.html
ZYDZ电竞眼镜,//www.jd.com/phb/13157d385d80dc01616c.html
阿呆电话线,//www.jd.com/phb/6708d89b9ede882fb1d.html
ZX50笔记本,//www.jd.com/phb/67067a8e228fc8c63c4.html
阿伯斯投影,//www.jd.com/phb/670a60aee5b01135bcd.html
阿呆电视线,//www.jd.com/phb/6704324c1d3178780b2.html
青联益智文具,//www.jd.com/phb/670f1dbc064cd299ad4.html
阿呆DVI线,//www.jd.com/phb/6708d0cd59ba2d27ef1.html
艾尚美平板电脑保护膜,//www.jd.com/phb/670c7a14454cc7a04a0.html
艾迪康3.5mm音频线,//www.jd.com/phb/670dcb471e8ac94dd85.html
艾德尼绘图/白图纸,//www.jd.com/phb/670b62eff74de52f416.html
艾迪康电源线,//www.jd.com/phb/670b64610eef0ecb131.html
轻薄商务办公,//www.jd.com/phb/6703efe80ed8ed025a9.html
zx50配件,//www.jd.com/phb/6701794f2c66105c60f.html
艾德尼荧光笔,//www.jd.com/phb/670405f485ade84df8c.html
艾迪康打印线,//www.jd.com/phb/67068205be579c60fac.html
艾德尼铅笔,//www.jd.com/phb/670dada7f44e7377580.html
艾德尼水粉/水彩/油画专用笔,//www.jd.com/phb/670561fce204bc67e4d.html
企业级无线,//www.jd.com/phb/670fac4cbdf1faa215b.html
企业控制器,//www.jd.com/phb/670f50d4affb44f23b4.html
企业级路由器一,//www.jd.com/phb/67059869ec1a9bb7784.html
企业级管理路由器,//www.jd.com/phb/670aa04b5558c8c5d74.html
企业路由路由器,//www.jd.com/phb/67029526a864ca7d33d.html
锐盾电话线,//www.jd.com/phb/670a217ea1ea0db3a57.html
锐邦圆珠笔,//www.jd.com/phb/670eccd2345c3aa6845.html
安威士打卡机,//www.jd.com/phb/670ae990f12591bad9c.html
安网电力猫/信号放大器,//www.jd.com/phb/670f559124cc390a825.html
安哲平板电脑后壳,//www.jd.com/phb/6703c5fe9b436ded74f.html
安智星灭火器,//www.jd.com/phb/67285e476b92f1e1a927.html
安哲平板电脑键盘,//www.jd.com/phb/6701c1640b8cdff2976.html
安拓比双肩电脑包,//www.jd.com/phb/1732972212f50c322bde8.html
安智星呼叫器,//www.jd.com/phb/65278504baa4af06fc7.html
百纳腾音频线,//www.jd.com/phb/670a6764c9abad9fc1b.html
百能学生生活用品,//www.jd.com/phb/670fd73dc38ed485b94.html
百纳腾试电笔,//www.jd.com/phb/98553838b0f155471511.html
百能学生本册,//www.jd.com/phb/6704982527181831e42.html
百事贴便利贴,//www.jd.com/phb/67036d3ef1b4c8ae00f.html
奥博报刊架,//www.jd.com/phb/670ac248de99ea253d6.html
奥博彩激纸,//www.jd.com/phb/670fbc43b7cc1e8bf5b.html
傲星泰散热器,//www.jd.com/phb/670de3c3db1bbfda911.html
三d投影仪,//www.jd.com/phb/670c41d6bceca647e08.html
赛兹平板电脑键盘,//www.jd.com/phb/670eb8b1d6a92eca8b8.html
三剑豪电脑乐逗版,//www.jd.com/phb/670333f82bb30976d74.html
三星406硒鼓,//www.jd.com/phb/670d3a9c0862a18c00a.html
白色珍珠,//www.jd.com/phb/6144c67d7dc801544252.html
三星4021,//www.jd.com/phb/670faa6a8ec043ad5a2.html
百纳腾网络测试仪,//www.jd.com/phb/6701c7589b8d87365f4.html
电脑独立公版排名,//www.jd.com/phb/6703867e9a12fd33968.html
电脑独立自营显卡,//www.jd.com/phb/67095d8f9ee9d2b4639.html
电脑独立显卡4g,//www.jd.com/phb/670f2ed01a67cfbb01f.html
百纳腾镊子,//www.jd.com/phb/9855bcb3fe73763fdef3.html
三星电视机电源线,//www.jd.com/phb/6704bbe13edd0ed811d.html
三星定制,//www.jd.com/phb/998741ddf2bf6b2f4232.html
三星台式电脑主机,//www.jd.com/phb/67014c339e138679012.html
赛兹平板电脑触控笔,//www.jd.com/phb/67073e620759e4fd0aa.html
三堡笔记本配件,//www.jd.com/phb/670d8457b4b508b30d4.html
三0签字笔,//www.jd.com/phb/670890eb86c411302c0.html
赛扬主机,//www.jd.com/phb/670601b3d8387d1487b.html
笔记本电脑微边框,//www.jd.com/phb/67089a947facffa5c58.html
笔记本电脑银川,//www.jd.com/phb/67077d43349c3d2b049.html
笔记本散热器很响,//www.jd.com/phb/670f8ec82caa52d7b9f.html
笔记本散热器合金,//www.jd.com/phb/67043d7316ea1dee95d.html
笔记本散热口,//www.jd.com/phb/670e084fb8e67a6e151.html
施乐s1810碳粉,//www.jd.com/phb/670ce27e1d8250c15ae.html
笔记本散热器散热,//www.jd.com/phb/670ca79ad43e6ecce96.html
史历克平板电脑配件,//www.jd.com/phb/670841e8911d2355da0.html
笔记本需要贴膜么,//www.jd.com/phb/670d035c5620b39670e.html
笔记本需要散热器,//www.jd.com/phb/670e68f7162b29be294.html
三星四核电脑,//www.jd.com/phb/998723b7f8505551fad5.html
包包8010,//www.jd.com/phb/67283143d83e4fa4c320.html
三星数码产品,//www.jd.com/phb/6704dc5bdf42103cc08.html
山东无线网桥,//www.jd.com/phb/670e5c4c518f396ea75.html
山东省移动网卡,//www.jd.com/phb/6701bff36b051550395.html
笔记本pc平板,//www.jd.com/phb/17329092ceece9830acf8.html
笔记本ssd固态硬盘,//www.jd.com/phb/6703821254e466f5f5d.html
笔记本ssd,//www.jd.com/phb/6708454202ba0b09a84.html
笔记本电脑外存,//www.jd.com/phb/6704bae3ddd9ac05054.html
笔记本电脑外贴纸,//www.jd.com/phb/670556c5abd0db9fe1c.html
笔计本电脑学生本,//www.jd.com/phb/98472d7a4e1611825571.html
笔记版电脑贴膜,//www.jd.com/phb/6705adfe79a9190ce01.html
笔计本电脑排名,//www.jd.com/phb/670d35d3f8b8ac418bd.html
上下铺床图纸,//www.jd.com/phb/9847cd8c268fdf7049ba.html
上网网卡,//www.jd.com/phb/6708ce48f464b9e8907.html
笔记2合1,//www.jd.com/phb/670ba01f3dfd058c605.html
笔计本,//www.jd.com/phb/6709f99d972cebd8cc5.html
上网平板电脑,//www.jd.com/phb/6709facb30297faac41.html
笔记本pn码,//www.jd.com/phb/6705275703c9e621c61.html
神舟d1,//www.jd.com/phb/670b2abde3e5aed75e4.html
笔记本电脑小本,//www.jd.com/phb/6704b168d415d69632c.html
笔记本电脑系统,//www.jd.com/phb/670e64c4ea0d6da526f.html
笔记本电脑一年,//www.jd.com/phb/6701de437997dbc67d8.html
书写白板笔,//www.jd.com/phb/670f3bb255eeb3b83c6.html
飚风条码打印,//www.jd.com/phb/670f5f0f27d254819ed.html
镖头平板电脑后壳,//www.jd.com/phb/670f1139be87bd4ac7b.html
镖头电脑桌,//www.jd.com/phb/98477a374396826b05d5.html
镖头平板电脑触控笔,//www.jd.com/phb/670e3400502ef709d9f.html
镖头电脑锁,//www.jd.com/phb/670b604867a12e8bb04.html
鼠标垫小,//www.jd.com/phb/670b716fdc6f269bd28.html
鼠标反应慢,//www.jd.com/phb/6706a60a2fb04f873d5.html
鼠标垫英雄,//www.jd.com/phb/670e97fb738d7d9faba.html
鼠标发明者,//www.jd.com/phb/670faa5d41c6af9bdaf.html
博格利诺BOGELINUO打孔机,//www.jd.com/phb/670888a9a4ef398add7.html
布吉打印机,//www.jd.com/phb/670d43597fee897f480.html
布谷鸟票夹,//www.jd.com/phb/670191bbfc2879d8769.html
鼠标垫印刷设备,//www.jd.com/phb/6709789430ff83a3ace.html
布面本,//www.jd.com/phb/67098c04720f3c280f6.html
笔记本新,//www.jd.com/phb/670afbfc1d3bfa09b2c.html
笔记电脑本键盘膜,//www.jd.com/phb/670bc60854e22f1e2d3.html
视外桃园配件收纳包,//www.jd.com/phb/17329383498288959045e.html
视外桃园笔记本电池,//www.jd.com/phb/670ac44dd786e0479d7.html
手机式投影仪,//www.jd.com/phb/6704a46447a075d5933.html
手机散热架,//www.jd.com/phb/99876608ba8ac33bf01b.html
手机鼠标键盘,//www.jd.com/phb/670bfacfd9617dcf107.html
笔记本左键出,//www.jd.com/phb/67060b716c8a6bbe3c3.html
笔记簿,//www.jd.com/phb/67060bac223c559a7f5.html
书写板白板,//www.jd.com/phb/6700a487b7f43d792ad.html
笔记本散热器好吗,//www.jd.com/phb/6700acb81744b3697c2.html
笔记本散热器便携,//www.jd.com/phb/67018bac12d3374b509.html
笔记本蓝牙散热器,//www.jd.com/phb/6708d2f2a8da72853bf.html
笔记本酷睿i7,//www.jd.com/phb/670fb4cbad62d0feb79.html
笔记本刻录机吗,//www.jd.com/phb/6700aefe1bde8643a75.html
鼠标垫桌垫,//www.jd.com/phb/67072603ec5487a06d9.html
步步高笔记本电脑,//www.jd.com/phb/670e5d09dad1a427d77.html
布线连接器,//www.jd.com/phb/670addf64beeedb0d82.html
布艺夹,//www.jd.com/phb/152484308ab773274551f.html
博恩导热硅脂,//www.jd.com/phb/6703ff220feda561cdf.html
鼠标垫桌布垫,//www.jd.com/phb/152481d184869a19f144f.html
鼠标垫橡胶,//www.jd.com/phb/670d4054c180b967f13.html
鼠标垫子,//www.jd.com/phb/15248b712701a254ef510.html
鼠标垫圆,//www.jd.com/phb/6709f194216d4980cee.html
超常待机笔记本,//www.jd.com/phb/670f97c70749d283b46.html
水冷电脑组装,//www.jd.com/phb/670ec3aa0c52a9f7555.html
水冷机箱壳,//www.jd.com/phb/670f936da3518e8c98a.html
水冷机箱声音,//www.jd.com/phb/6709e75087cfee78881.html
水冷机箱好吗,//www.jd.com/phb/670d86decee7ab913b5.html
双频4线路由器,//www.jd.com/phb/670a9aeb82c2d5e4501.html
双频智能路由器,//www.jd.com/phb/6707d52d40e3102b6f5.html
双频电视盒子,//www.jd.com/phb/670fd88e2da8cee0e5b.html
双频路由穿墙,//www.jd.com/phb/670e774729dc55d9c6c.html
双频无线中继,//www.jd.com/phb/6700c555d1aa1211aaa.html
双盘硬盘底座,//www.jd.com/phb/6701b68fcba7b2a6f32.html
插线usb,//www.jd.com/phb/6707dba1f3ea1e4b128.html
插线板10位,//www.jd.com/phb/67048fce10a30f43972.html
插网线口,//www.jd.com/phb/9855955732f28c7f3f47.html
插网卡无线路由器,//www.jd.com/phb/670659a1e62946d5015.html
布谷鸟文件盘,//www.jd.com/phb/670c089587c2b12d3da.html
双频盒子,//www.jd.com/phb/67058d257c827da1704.html
双频wifi,//www.jd.com/phb/6709704f76852cc7dd7.html
双盘位硬盘盒,//www.jd.com/phb/6702a466c181da31ab2.html
双盘位硬盘底座,//www.jd.com/phb/6705de4ae90a45f3cc0.html
水晶头价位,//www.jd.com/phb/670d3fcfa2737e74485.html
超薄机身笔记本,//www.jd.com/phb/670eeb0bcce1429c76b.html
顺发科技平板电脑,//www.jd.com/phb/6707f82d69241bfe5fa.html
顺文白板笔,//www.jd.com/phb/6702364b1cf0e8dd05d.html
顺文白板擦,//www.jd.com/phb/670dd1aa48aedec4017.html
四核组装机,//www.jd.com/phb/6705b694e74dd80f597.html
素描铅笔自营,//www.jd.com/phb/670bb5aaf1bcb5eb584.html
双频无线吸顶式ap,//www.jd.com/phb/670497aab91c757d620.html
双频路由器5g,//www.jd.com/phb/670577379bd685c4ab2.html
双频无线路由,//www.jd.com/phb/6707d1aaa5fa0beca10.html
双频无线网,//www.jd.com/phb/670e288b2242e42c8ca.html
双频路由器中继,//www.jd.com/phb/670aeea6c101fa186dd.html
随身路由器4g,//www.jd.com/phb/670cfafe12418e55e3a.html
随身路由器4G,//www.jd.com/phb/67042adffc77a3fb3b4.html
随身日记本,//www.jd.com/phb/67022fdea1186c4159f.html
随身无线路由,//www.jd.com/phb/670e82d6100a756895e.html
初中学习网,//www.jd.com/phb/670eb318296709765ae.html
水冷大机箱,//www.jd.com/phb/6704ef7aa0e0fea63ef.html
水冷电脑冷排,//www.jd.com/phb/6707615c789d8e437a8.html
水冷电脑散热器,//www.jd.com/phb/6704ab96e0e288c1f78.html
顺德考勤机,//www.jd.com/phb/670e22ab840a4800770.html
水冷cpu散热器,//www.jd.com/phb/6703cb5830843e83f90.html
素描铅笔2b,//www.jd.com/phb/670e89b020f6818c9a1.html
随身网卡,//www.jd.com/phb/67074f625f56483d8bc.html
随身路由器wifi,//www.jd.com/phb/67014354d61bdddd861.html
楚中山笔类,//www.jd.com/phb/670f227fd060b7a179f.html
楚中山书包,//www.jd.com/phb/1732987d357901d9469f9.html
楚天飞鹏水彩笔,//www.jd.com/phb/6703c51bf282a38b39c.html
触控本什么的好,//www.jd.com/phb/670ec6bcf90cd726066.html
楚中山仪尺,//www.jd.com/phb/6702d4edc8f4d75453a.html
楚中山铅笔,//www.jd.com/phb/6709c22737c32b60158.html
初中物理学习,//www.jd.com/phb/670a38b700ca381e4b1.html
随身无限路由,//www.jd.com/phb/670057cf5eadcfed293.html
随身无线上网卡托,//www.jd.com/phb/67085f9b60ddc82971d.html
素描速写画板,//www.jd.com/phb/6704a328f1afea8fa96.html
楚天飞鹏标签,//www.jd.com/phb/670c2e8fc8b85790012.html
厨房塑料垃圾桶,//www.jd.com/phb/1590148dae41179fc343a.html
随身笔记本,//www.jd.com/phb/67056ce32d1daa96ccb.html
随身插卡wifi,//www.jd.com/phb/67021d25f5b23c17666.html
楚天飞鹏毛笔,//www.jd.com/phb/670fc621028d16f49f4.html
厨卫电器名片,//www.jd.com/phb/167202bc83bbb6b4e96d.html
楚中山记号笔,//www.jd.com/phb/6702093073178b9a442.html
大功率穿牆,//www.jd.com/phb/9855967bc685d434af4e.html
大功力无线路由器,//www.jd.com/phb/6707d182ec6f810282a.html
大幅面切纸机,//www.jd.com/phb/6705f24c3b031f1c7dd.html
大功率电插排,//www.jd.com/phb/670fefc746827e50a5c.html
大功率/空调插座,//www.jd.com/phb/985515ed81f15084f10f.html
大塔机箱,//www.jd.com/phb/67002f0369e50a9d3b2.html
大唐保镖数据线,//www.jd.com/phb/9987b963de2b9d025e14.html
提高cpu风扇转速,//www.jd.com/phb/670365e4f6be86dc4b0.html
提高无线网速,//www.jd.com/phb/67092cf1f1a847188e6.html
大素描本,//www.jd.com/phb/6705a07808adf6b1d26.html
贴键盘膜,//www.jd.com/phb/670c6990ce5d983f6c5.html
跳线模块,//www.jd.com/phb/67004aa5662ba787063.html
贴膜键盘膜,//www.jd.com/phb/67050936dc94bddd794.html
贴膜笔记本,//www.jd.com/phb/670ce951a18095b5de8.html
戴记徽尚坊名人字画,//www.jd.com/phb/1620c802708136c0738a.html
打孔机装订机,//www.jd.com/phb/6701aba5653cf2e3f07.html
打卡考勤卡,//www.jd.com/phb/6701ac86cca4ea72d06.html
打卡指纹机,//www.jd.com/phb/670f199d1be9c8dd254.html
打卡考勤,//www.jd.com/phb/670c6f8beb432e5c112.html
打卡机网络,//www.jd.com/phb/670f116de62a3963418.html
大唐電信数据线,//www.jd.com/phb/9987a1c832b910974af5.html
戴尔（DELL）手机/USB数据线,//www.jd.com/phb/9987946f8e2e06c83b5b.html
贴膜苹果ipad,//www.jd.com/phb/670c4ef9d7cb6bb07cb.html
跳线sc,//www.jd.com/phb/670b433086d104d6523.html
贴膜电脑,//www.jd.com/phb/67044d9c559f71c6c74.html
打孔器文件,//www.jd.com/phb/670ed0620fafeb141b5.html
打孔快劳夹,//www.jd.com/phb/670117c1611706db52f.html
炭笔套装,//www.jd.com/phb/67066f7c2233c06132c.html
打印照片太暗,//www.jd.com/phb/6707e7b0e9c3a08ddca.html
打印一体机办公,//www.jd.com/phb/6702b4e3a991a4d627a.html
慈达Type-C数据线,//www.jd.com/phb/9987481ac3ffb373e00a.html
瓷板打印机,//www.jd.com/phb/6704c7ded7d1fad3d84.html
打卡考勤机,//www.jd.com/phb/670d8c2f3b281ae1914.html
打卡考勤打卡机,//www.jd.com/phb/670da7f3a59eb4bc8ec.html
打卡机指纹面部,//www.jd.com/phb/670f288c2a389511756.html
打印一体机复印机,//www.jd.com/phb/6708dff6c534cc50f5f.html
打印证书,//www.jd.com/phb/670598a2c4021618088.html
台湾育杰切割板,//www.jd.com/phb/6707e35bbc349dd5551.html
打印纸120mm,//www.jd.com/phb/670a7ca4b7a2ed991cc.html
打印纸 80g,//www.jd.com/phb/670f61ec7864131f629.html
导游器,//www.jd.com/phb/1672d88af4b961d10b78.html
外壳散热器,//www.jd.com/phb/6702abcf315a6352049.html
外套平板电脑,//www.jd.com/phb/6706200b3126bacf0e6.html
点钞机正牌出货榜,//www.jd.com/phb/670594a736f5f699685.html
点播网络盒子,//www.jd.com/phb/670201b8c71e2f3983a.html
网络高清线,//www.jd.com/phb/6700491909bcd7a3f78.html
网线直通器,//www.jd.com/phb/670adfb677a11908e3d.html
点餐一体机,//www.jd.com/phb/6705f62cf404d2acca5.html
点距速拍仪,//www.jd.com/phb/670bf0a8e844380842c.html
典轩益智文具,//www.jd.com/phb/6706d9832f0a51b37d4.html
网线延长线公对母,//www.jd.com/phb/670ec56ac4b12b16215.html
点钞机办公,//www.jd.com/phb/6707a234e6fd42d5a1e.html
点钞机银,//www.jd.com/phb/6704409f53405be2ad4.html
外置cd,//www.jd.com/phb/67076cf07375ff849f5.html
外置sata,//www.jd.com/phb/6703cf3563f521e7b2c.html
外置dvd光驱,//www.jd.com/phb/670605b55ae043c8153.html
外置dvd刻录,//www.jd.com/phb/670d37592582494e517.html
外星人电脑贴,//www.jd.com/phb/67028f89fc8b51bf9e7.html
网络存储路由器,//www.jd.com/phb/6707d1132598230d70b.html
网络打印机排名,//www.jd.com/phb/670b110113f210241d0.html
德米萨数据库软件,//www.jd.com/phb/6703223616341ef7c36.html
德米萨银箱,//www.jd.com/phb/6144cff431be0c050285.html
网络存储哪款好,//www.jd.com/phb/67031ad13f7599154cc.html
网讯双频路由,//www.jd.com/phb/67015003b61679aa83e.html
网线转光纤设备,//www.jd.com/phb/6706ce562fe2378e195.html
网线转换接头,//www.jd.com/phb/6704f13703e06e1fe01.html
网讯网络机顶盒,//www.jd.com/phb/6703494703e658abc3a.html
微型机箱排名,//www.jd.com/phb/6703e2bc926192b7ba3.html
网络存储排名,//www.jd.com/phb/6702deba710db7afe27.html
德洛菲特皮草,//www.jd.com/phb/131539d865819bc08db9.html
网络打印机dhcp,//www.jd.com/phb/6706eeefcf5b2e5758d.html
网络电话包月无限,//www.jd.com/phb/670d9a2c3b94e089744.html
电脑windows7,//www.jd.com/phb/6702c2d40bb2cde590c.html
电脑按揭合同,//www.jd.com/phb/6705be44c9bcd23ee2a.html
微型电脑主机,//www.jd.com/phb/670eb8be325bc7e9930.html
微型电脑投影仪,//www.jd.com/phb/6708bde84a353e28692.html
微型监控机,//www.jd.com/phb/6705f80ea4ccfa9b7bc.html
电脑裂纹键盘套,//www.jd.com/phb/670a2043affd57dcfda.html
电脑连投影仪线,//www.jd.com/phb/670f912e7fecca2606c.html
电脑连显示器线,//www.jd.com/phb/6705d6862e855931ae1.html
无声小鼠标,//www.jd.com/phb/6703b4659d3cc04963e.html
无酸纸档案盒,//www.jd.com/phb/6704093c19341ce328b.html
电脑微型机排名,//www.jd.com/phb/6700da18d2f274a5f6d.html
无线网增强,//www.jd.com/phb/670975ea954203509d8.html
电脑网猫,//www.jd.com/phb/6702de2fc1b8681c8e6.html
无线微型监控器,//www.jd.com/phb/670cba38ea30526268e.html
无线路由器穿墙,//www.jd.com/phb/67058be5e979dc7be0b.html
无线路由器ws880,//www.jd.com/phb/670f6c9f09eb384816e.html
无线路由器ip过滤,//www.jd.com/phb/670a64f22c11cc91a2d.html
电脑卧式吸尘器,//www.jd.com/phb/98553c2e32aa3f8810b8.html
电脑微型pc,//www.jd.com/phb/670856ce68b8a85e40c.html
电脑联想键盘膜,//www.jd.com/phb/67084c5a88f4b5f0f7d.html
无随身wifi,//www.jd.com/phb/670ca16d5be7238047e.html
无线路由器增强,//www.jd.com/phb/670df5ef4ed9ac254fb.html
无线路由器吸顶,//www.jd.com/phb/67011bbe2da99a639ff.html
无线路由器吸顶式,//www.jd.com/phb/67032753ba43101e4e2.html
电脑电源转接头,//www.jd.com/phb/670e6a27e93635d5ef7.html
电脑电源线插头,//www.jd.com/phb/67039bf7ec2a1ce241e.html
无声针光鼠标,//www.jd.com/phb/670cd8703c4cc8c5bb2.html
无声遥控鼠标,//www.jd.com/phb/670285f65f78d2e805c.html
无声左手鼠标,//www.jd.com/phb/6705624d49652603a53.html
无线路由器贵吗,//www.jd.com/phb/6700e962616573c2219.html
无线路由器电信3g,//www.jd.com/phb/670734ee8f6296d8680.html
无线路由器光纤,//www.jd.com/phb/67087d91441ce5c5e92.html
无线路由器对孕妇,//www.jd.com/phb/670529be22f303f22fd.html
无线路由器好多钱,//www.jd.com/phb/670fe4c4c70e5ce0add.html
无线路由器重设,//www.jd.com/phb/670e9eb17e4cec7eaa9.html
无线路由器中继,//www.jd.com/phb/670bbf288ad5bae22d0.html
无线路由器重置,//www.jd.com/phb/670aad89be199f6c6e3.html
无线路由器接收,//www.jd.com/phb/670d6bc12248922b5ca.html
无线路由器好装吗,//www.jd.com/phb/6702b065d21046401a0.html
微型机整机,//www.jd.com/phb/670f573a8a8b241803e.html
微型家用投影仪,//www.jd.com/phb/6705150ba9443017dd7.html
微型迷你电脑主机,//www.jd.com/phb/670cb781be079e75373.html
微型电脑主机好吗,//www.jd.com/phb/670cd506b441d2a46d8.html
微型激光投影机,//www.jd.com/phb/6706bb4d30d601c4c13.html
电脑电源散热器,//www.jd.com/phb/670435e2c887a7427e6.html
电脑电源延长线,//www.jd.com/phb/670b9e1803a048f55fa.html
电脑电源温控,//www.jd.com/phb/670586a24f856cbc9f2.html
电脑电源线三孔,//www.jd.com/phb/67009af7835d53f63bd.html
电脑电源线长度,//www.jd.com/phb/6701771104163794794.html
无线打印机彩打,//www.jd.com/phb/670a52fc2bb3d118ad8.html
无线路由器远程,//www.jd.com/phb/670f2918f0c16a39abd.html
无线路由器信号增强器,//www.jd.com/phb/67006880c41375a3337.html
无线路由器自营,//www.jd.com/phb/67026d84d5c4263843b.html
无线路由器支持3g,//www.jd.com/phb/67076580afd892df908.html
硒鼓m225,//www.jd.com/phb/670a448367ec8d99308.html
电脑装两张显卡,//www.jd.com/phb/670ff48cfeb28d21de2.html
电视高清数码线,//www.jd.com/phb/6702b50001e724ac1ee.html
电视购物空中超市寇缇,//www.jd.com/phb/737dbcfa52c100a7c31.html
电视盒vga线,//www.jd.com/phb/67054757cdbe37f5a07.html
五类网线跳线,//www.jd.com/phb/6703f536f3208b5adc6.html
五联彩色打印纸,//www.jd.com/phb/670b74321f9ca2bd6bb.html
西点玩家理线工具,//www.jd.com/phb/985544caebc85b78660a.html
西部数码香港主机,//www.jd.com/phb/67005561a96dcdc2d50.html
硒鼓mf8280cw,//www.jd.com/phb/670bd0b70b2bc136f8b.html
电视盒高清线,//www.jd.com/phb/670b8856c337e7c377c.html
电视盒子会卡吗,//www.jd.com/phb/670bdd29ffde5361518.html
电视盒子八核,//www.jd.com/phb/670f23ba088d4e2e3b2.html
电视盒安卓,//www.jd.com/phb/670d4cdd37d75645e94.html
电视盒排名2018,//www.jd.com/phb/6704d21dd467c57c9ba.html
五类电话线,//www.jd.com/phb/670cca1731ac7eaf484.html
五类布线,//www.jd.com/phb/6705286fd2cdb2d2409.html
五类六类网络线,//www.jd.com/phb/670484e0b89f68e3609.html
五类屏蔽线,//www.jd.com/phb/670ea2587d79e3700ac.html
五类屏蔽网线箱,//www.jd.com/phb/67062f027093138c50a.html
电视机顶合,//www.jd.com/phb/6702294beddea106bb1.html
电视机电源,//www.jd.com/phb/98558a5e86e3f9263949.html
25针打印线,//www.jd.com/phb/6708793797e270c059c.html
2641粉盒,//www.jd.com/phb/670237b4f83cabfee1e.html
278碳粉,//www.jd.com/phb/67005ae417b685944ac.html
电脑自己切屏,//www.jd.com/phb/6704fc0cdc4322d1668.html
硒鼓彩色,//www.jd.com/phb/670bb6d0308216ec5a0.html
电脑组装i5,//www.jd.com/phb/6700c1d96ca2d3a9cb7.html
硒鼓粉兄弟,//www.jd.com/phb/6706d92545d13f76cac.html
电脑自营键盘膜,//www.jd.com/phb/67051b088172db0d818.html
无线相片打印,//www.jd.com/phb/670703cf68868fd34c6.html
西藏ce5007投影机,//www.jd.com/phb/6701d350b6aa4be964b.html
西部数码云主机,//www.jd.com/phb/670fc965c01b512bd8e.html
五类非屏蔽网线,//www.jd.com/phb/670a4e6ce7421794bed.html
五类网线30米,//www.jd.com/phb/670fb9d17bed76a037a.html
25k本,//www.jd.com/phb/6706a656ca492263cf2.html
259墨盒,//www.jd.com/phb/670adb0d8921e9d9360.html
256墨盒,//www.jd.com/phb/6704d113091026001e8.html
2580 墨盒,//www.jd.com/phb/6707b338b11f8afd95a.html
256集成显卡,//www.jd.com/phb/6709c5c0a76a716b604.html
3D无屏电视投影仪,//www.jd.com/phb/67092595eebe67560ff.html
3d渲图电脑配置,//www.jd.com/phb/67019b9b71e76092cab.html
慧行者平板电脑,//www.jd.com/phb/670368d116a1b4d7203.html
活页本b5,//www.jd.com/phb/670e1680946226c548d.html
火险墨盒,//www.jd.com/phb/6701980cf81dbb753d7.html
3g无线路由器车载,//www.jd.com/phb/670923c3525609c817b.html
3g通话平板,//www.jd.com/phb/67077a08de2496ca673.html
3g无线网络路由器,//www.jd.com/phb/670d8fc89b043b9a0a6.html
3g移动路由器,//www.jd.com/phb/670eb3ada8bbbbdbd62.html
3led液晶,//www.jd.com/phb/7378c1a96962cf25562.html
惠普斯厨房电器,//www.jd.com/phb/737b3d1b88324dbc02b.html
3c保险柜家用 45,//www.jd.com/phb/670672e92d94141465e.html
惠泽DVD刻录机,//www.jd.com/phb/67046d909c7dc8ac2f5.html
惠泽DVD光驱,//www.jd.com/phb/6709a254418737a01c7.html
惠泽h8g平板电脑,//www.jd.com/phb/670e3f56c59778a6991.html
惠普935,//www.jd.com/phb/670583a1591ec0b6f1c.html
惠普901空墨盒,//www.jd.com/phb/67041471eae0ea34c82.html
惠普dv3000键盘膜,//www.jd.com/phb/6708fec49541248dba4.html
2米打印线,//www.jd.com/phb/670de76e06690a733a8.html
2位插线板,//www.jd.com/phb/6702924272142efe19e.html
惠普墨盒加墨水,//www.jd.com/phb/670f243c5f0a7a53d86.html
360水冷机箱,//www.jd.com/phb/670d3fc2164ce204df3.html
399wan武尊,//www.jd.com/phb/670bc12462e0e083b08.html
惠普客服,//www.jd.com/phb/67007cf48b5f9b4abc7.html
惠普暗影精灵ii,//www.jd.com/phb/670fcda4923f02c1d62.html
惠普笔记本tpn,//www.jd.com/phb/6708ba62560a29a8227.html
惠普复印机碳粉,//www.jd.com/phb/67084a9f7feab13bdcf.html
电视高清连接线,//www.jd.com/phb/6703a832f6b159a7dd8.html
电视干扰,//www.jd.com/phb/670b866633dfcb71932.html
电视高清线hdmi,//www.jd.com/phb/670931cfbae33838330.html
2米音响线,//www.jd.com/phb/670c3c59762b191da92.html
2台式主机,//www.jd.com/phb/670d4ca7f70687da168.html
3000左右台式电脑,//www.jd.com/phb/67016894ea758f627d3.html
惠普mfp,//www.jd.com/phb/6706d20f9f4c66495cc.html
4830d,//www.jd.com/phb/670cd141ee391db9e26.html
机顶盒耗电,//www.jd.com/phb/670a52f33f8d72c44d6.html
机顶盒解密,//www.jd.com/phb/670609ab11bb9ab1bc8.html
机顶盒分流器分期,//www.jd.com/phb/670e83827f25c3c2ae9.html
机顶盒高清数字线,//www.jd.com/phb/6701b225b1f2b0d240e.html
4k3d投影机,//www.jd.com/phb/6700dc07c98e06d067d.html
4g移动平板手机,//www.jd.com/phb/670839fdbd9d71dcd8e.html
4g平板手机,//www.jd.com/phb/670454bcbd26fa35f2c.html
4g上网平板,//www.jd.com/phb/67012f99ad70242bc39.html
4g上网路由器,//www.jd.com/phb/670c2283ac1cc3dc072.html
45w电源,//www.jd.com/phb/6705e47ab0838df75b3.html
45度 刀,//www.jd.com/phb/985585ca91aa55b0397e.html
4g128gssd,//www.jd.com/phb/670b13e1693e8c30ca1.html
4g4核笔记本,//www.jd.com/phb/670c75b76a66afa1607.html
4g1600笔记本内存,//www.jd.com/phb/6701c1f3157e432b533.html
4g平板通话手机,//www.jd.com/phb/670f377abfb7930a96c.html
4g上网随身,//www.jd.com/phb/6706cbe8d4cf77c28a1.html
4g上网卡三网,//www.jd.com/phb/670bcfdfb8b06c864b9.html
4g移动路由器,//www.jd.com/phb/67014c0fbf4ce592a16.html
4h 23寸,//www.jd.com/phb/6700d1ec5609fd10591.html
机乐堂双肩电脑包,//www.jd.com/phb/17329f47bdbbee202044d.html
